dist,collegegrad,shares,market_ids,prices
0.59958053,0.056000002,0.78859597,90001,0
2.7442048,0.059,0.68980098,90002,0
1.9109894,0.057999998,0.68939197,90003,0
1.1518281,0.34999999,0.79741901,90004,0
0.14031371,0.31299999,0.75195199,90005,0
0.28897494,0.19,0.74774599,90006,0
0.61315596,0.266,0.83561999,90007,0
1.1233153,0.30000001,0.67945701,90008,0
0.58848643,0.50099999,0.94999999,90010,0
0.58471268,0.052999999,0.64354998,90011,0
0.20059106,0.33000001,0.86775601,90012,0
0.4118216,0.377,0.77910101,90013,0
0.10495003,0.44100001,0.83917803,90014,0
0.65839219,0.39300001,0.844917,90015,0
0.92479527,0.24600001,0.78252202,90016,0
0.12124414,0.31600001,0.75212997,90017,0
1.6879848,0.20900001,0.70179302,90018,0
0.30230719,0.347,0.76264203,90019,0
0.5787338,0.41800001,0.81615603,90020,0
1.3761752,0.29499999,0.94999999,90021,0
0.85677034,0.088,0.76486701,90022,0
0.24512604,0.066,0.76832902,90023,0
1.4663652,0.72600001,0.54301,90024,0
0.84510738,0.68800002,0.77004099,90025,0
0.13765614,0.40400001,0.72762799,90026,0
2.3629835,0.546,0.804093,90027,0
0.17498995,0.48100001,0.819112,90028,0
0.21454084,0.301,0.73799598,90029,0
0.56860799,0.21799999,0.75296098,90031,0
0.64785951,0.20200001,0.72055298,90032,0
0.28657994,0.119,0.78358197,90033,0
0.1714531,0.57499999,0.85339397,90034,0
0.47037354,0.63300002,0.83692002,90035,0
0.548186,0.68599999,0.80462402,90036,0
0.92675346,0.07,0.66976899,90037,0
0.5064618,0.34,0.74284399,90038,0
0.75253779,0.50800002,0.81270999,90039,0
2.6369281,0.096000001,0.89593399,90040,0
1.0464119,0.46599999,0.76454097,90041,0
0.14179038,0.32300001,0.74114197,90042,0
1.0575064,0.26199999,0.70551699,90043,0
2.0548992,0.079000004,0.63478202,90044,0
0.31085211,0.60799998,0.94999999,90045,0
1.4480802,0.61500001,0.73921198,90046,0
1.5990611,0.153,0.687482,90047,0
0.3809787,0.685,0.85284799,90048,0
3.9916096,0.787,0.83359897,90049,0
1.4038148,0.51899999,0.87965798,90056,0
0.53543025,0.20299999,0.63168103,90057,0
1.7702184,0.056000002,0.94999999,90058,0
1.3615408,0.075999998,0.63128197,90059,0
0.72300237,0.074000001,0.69638097,90061,0
1.1098655,0.131,0.671628,90062,0
0.35827619,0.104,0.75216103,90063,0
0.57682097,0.67799997,0.947317,90064,0
1.1874418,0.36000001,0.794985,90065,0
0.21913037,0.54500002,0.77644402,90066,0
0.99116409,0.68800002,0.94999999,90067,0
2.9813621,0.65700001,0.84585899,90068,0
0.36423832,0.67400002,0.86416501,90069,0
0.12680793,0.405,0.94999999,90071,0
0.65775138,0.098999999,0.050000001,90073,0
3.8648584,0.792,0.93489701,90077,0
0.70588607,0.0,0.050000001,90079,0
0.44174811,0.428,0.94999999,90089,0
0.81697726,0.0,0.94999999,90090,0
0.38879618,0.81599998,0.853975,90094,0
0.66362453,0.0,0.94999999,90095,0
1.2150202,0.064000003,0.70969403,90201,0
3.5130384,0.65600002,0.92211598,90210,0
0.31028101,0.63,0.89395899,90211,0
0.2546792,0.64399999,0.75563699,90212,0
2.9097738,0.105,0.65307403,90220,0
0.95098722,0.059999999,0.704561,90221,0
1.5349371,0.089000002,0.66082001,90222,0
0.60593903,0.51200002,0.83930701,90230,0
0.82052493,0.58600003,0.94999999,90232,0
1.1234359,0.26100001,0.79097098,90240,0
0.23204046,0.241,0.78431797,90241,0
1.1032367,0.20900001,0.75649899,90242,0
0.29493856,0.58399999,0.94999999,90245,0
0.12335657,0.22499999,0.76741201,90247,0
0.86488008,0.27200001,0.74818099,90248,0
1.3714676,0.23899999,0.800946,90249,0
0.95961869,0.22499999,0.73157501,90250,0
0.7863605,0.75700003,0.84828699,90254,0
0.8736887,0.071000002,0.72246301,90255,0
0.28221065,0.227,0.75515401,90260,0
0.32168567,0.077,0.70765299,90262,0
5.3294888,0.66600001,0.59587598,90265,0
0.54711014,0.75199997,0.87931597,90266,0
0.41368729,0.057,0.71472001,90270,0
3.9621978,0.78299999,0.92333102,90272,0
50.256241,0.72500002,0.899692,90274,0
1.2197107,0.676,0.83257502,90275,0
0.55785036,0.625,0.84777099,90277,0
0.49250412,0.583,0.87668198,90278,0
0.95248723,0.093999997,0.76646203,90280,0
6.4787693,0.70899999,0.82440501,90290,0
1.0570714,0.66399997,0.80941898,90291,0
0.74053693,0.70499998,0.90268898,90292,0
0.9761079,0.72399998,0.74993902,90293,0
0.9786604,0.142,0.70582801,90301,0
0.47353643,0.294,0.67052698,90302,0
0.25270545,0.14300001,0.75558698,90303,0
0.99436355,0.103,0.78682399,90304,0
1.3426083,0.331,0.69735402,90305,0
1.1343824,0.699,0.94999999,90401,0
1.4089518,0.77200001,0.86371797,90402,0
0.359301,0.74599999,0.89046502,90403,0
0.48813894,0.54799998,0.78863603,90404,0
0.89421922,0.67799997,0.86681402,90405,0
0.095887601,0.34999999,0.81501001,90501,0
0.36746907,0.35699999,0.82739902,90502,0
0.68144858,0.546,0.86967999,90503,0
1.9736966,0.42199999,0.80206001,90504,0
0.26176307,0.56599998,0.84904802,90505,0
1.1655935,0.0,0.94999999,90506,0
3.1610706,0.27700001,0.75424802,90601,0
0.38052663,0.192,0.71899098,90602,0
0.66776556,0.329,0.73471099,90603,0
0.6881538,0.189,0.68340898,90604,0
1.1844705,0.186,0.766559,90605,0
1.0778713,0.15099999,0.737611,90606,0
0.79586285,0.31,0.77894199,90620,0
0.57701153,0.29899999,0.77533001,90621,0
0.49091899,0.477,0.82503498,90623,0
0.48184714,0.42500001,0.80506301,90630,0
0.97981972,0.30899999,0.73665398,90631,0
0.42366061,0.324,0.726174,90638,0
0.14513837,0.198,0.77188098,90640,0
0.59029871,0.18700001,0.75728202,90650,0
0.7681284,0.12899999,0.78011799,90660,0
1.3972055,0.19400001,0.77980202,90670,0
0.6957522,0.20200001,0.75651002,90680,0
0.28598121,0.28200001,0.81900698,90701,0
0.78701597,0.52700001,0.88236499,90703,0
40.009804,0.23800001,0.66251302,90704,0
0.56686586,0.185,0.71445101,90706,0
0.68715852,0.26899999,0.71264797,90710,0
1.2898796,0.32800001,0.79816502,90712,0
0.91613591,0.31,0.76900202,90713,0
0.80969304,0.27900001,0.75543702,90715,0
0.23751567,0.104,0.71408099,90716,0
0.12695748,0.35499999,0.75932097,90717,0
1.2427803,0.52999997,0.77074802,90720,0
0.97963679,0.113,0.71159601,90723,0
1.8548707,0.227,0.77680802,90731,0
1.7813793,0.40700001,0.69175899,90732,0
2.3979454,0.49000001,0.81873202,90740,0
2.4654958,0.46399999,0.94999999,90742,0
0.22200777,0.085000001,0.67735302,90744,0
1.4458019,0.273,0.85046202,90745,0
1.3205754,0.338,0.74060601,90746,0
0.59971017,0.46399999,0.75381601,90755,0
0.98172164,0.412,0.74373901,90802,0
1.3386837,0.55299997,0.76377201,90803,0
0.95022821,0.28799999,0.69207299,90804,0
0.60958731,0.134,0.68072802,90805,0
0.77085423,0.17399999,0.73166102,90806,0
0.94237167,0.414,0.796229,90807,0
0.62970942,0.42899999,0.78955901,90808,0
2.6811533,0.17,0.73558199,90810,0
0.91821772,0.126,0.63785303,90813,0
1.1608778,0.52100003,0.735484,90814,0
1.0924232,0.50300002,0.76225501,90815,0
0.29496133,0.0,0.050000001,90831,0
3.2443042,0.43900001,0.78138697,91001,0
0.37866193,0.51700002,0.85915703,91006,0
0.46347785,0.53100002,0.84966302,91007,0
1.2051141,0.52399999,0.89265001,91008,0
1.169,0.27500001,0.79513597,91010,0
0.53915513,0.75800002,0.909868,91011,0
0.94626033,0.37,0.77015001,91016,0
0.8753351,0.38499999,0.72870803,91020,0
2.7446735,0.60799998,0.84826797,91024,0
0.8009358,0.67500001,0.91842699,91030,0
1.2712865,0.34900001,0.72524703,91040,0
8.9485016,0.27000001,0.69189203,91042,0
0.12819874,0.29699999,0.82911402,91046,0
0.80022848,0.61699998,0.804573,91101,0
2.2046745,0.35600001,0.79973102,91103,0
0.089358687,0.44499999,0.76346499,91104,0
0.45045403,0.69300002,0.94999999,91105,0
0.18086337,0.602,0.81293702,91106,0
5.5769329,0.54900002,0.897286,91107,0
0.96973491,0.77600002,0.87862098,91108,0
0.93473411,0.32800001,0.652098,91201,0
1.9751483,0.45100001,0.697092,91202,0
0.31266132,0.373,0.73484999,91203,0
0.14178015,0.278,0.625835,91204,0
1.4264855,0.34299999,0.64466101,91205,0
1.4670863,0.419,0.69533598,91206,0
1.7342089,0.50400001,0.72050399,91207,0
3.1876969,0.57099998,0.80869001,91208,0
0.22967009,0.73000002,0.63944203,91210,0
1.3612185,0.542,0.83548898,91214,0
3.1450307,0.58899999,0.77839601,91301,0
3.2063279,0.60799998,0.801768,91302,0
0.74131984,0.23999999,0.719248,91303,0
3.3519042,0.30599999,0.73701698,91304,0
0.91840804,0.26499999,0.76559401,91306,0
4.5385227,0.49900001,0.79327601,91307,0
3.9215322,0.405,0.74894601,91311,0
0.087370239,0.491,0.73740202,91316,0
0.55060965,0.51300001,0.78527898,91320,0
3.0740547,0.25299999,0.73299402,91321,0
1.0189755,0.41,0.79577899,91324,0
1.2982433,0.391,0.785052,91325,0
1.5149047,0.55900002,0.86774302,91326,0
0.74063277,0.43000001,0.050000001,91330,0
1.4595957,0.11,0.73923802,91331,0
0.39557183,0.25299999,0.74634999,91335,0
0.71600211,0.11,0.762546,91340,0
2.0416348,0.186,0.778175,91342,0
1.4077818,0.266,0.72252101,91343,0
0.39866245,0.38100001,0.77873898,91344,0
1.3428875,0.189,0.82777703,91345,0
0.66663188,0.375,0.87567699,91350,0
1.6505283,0.25400001,0.78355801,91351,0
2.6129332,0.171,0.728715,91352,0
0.38629085,0.52700001,0.82739198,91354,0
4.0880857,0.46900001,0.82238102,91355,0
1.4263868,0.493,0.80510199,91356,0
0.39861673,0.44,0.76135302,91360,0
8.751523,0.63800001,0.80214,91361,0
2.2170026,0.54799998,0.80246001,91362,0
1.2458035,0.53799999,0.79785597,91364,0
1.1616526,0.542,0.75386,91367,0
1.6862013,0.0,0.050000001,91371,0
2.3921463,0.64700001,0.86548698,91377,0
2.3820798,0.54000002,0.85159898,91381,0
13.49349,0.264,0.55899698,91384,0
2.8884954,0.331,0.80659997,91387,0
8.5815048,0.36199999,0.69960499,91390,0
1.1133808,0.352,0.714118,91401,0
0.5490765,0.171,0.74136603,91402,0
0.4879944,0.63700002,0.87491101,91403,0
0.087918274,0.22400001,0.68228102,91405,0
1.9571216,0.25999999,0.74604398,91406,0
0.36157781,0.354,0.69199699,91411,0
0.84686583,0.60100001,0.78243101,91423,0
0.88602728,0.67199999,0.86559701,91436,0
2.0691657,0.42899999,0.72218603,91501,0
1.0616432,0.333,0.80170798,91502,0
2.3351233,0.433,0.75696898,91504,0
1.0926694,0.461,0.87807399,91505,0
0.56025517,0.38499999,0.858105,91506,0
0.5377869,0.40700001,0.79262501,91601,0
0.78769279,0.56300002,0.77433801,91602,0
0.60886401,0.66100001,0.78263599,91604,0
1.5799941,0.18799999,0.72415799,91605,0
1.1096232,0.235,0.70365101,91606,0
0.80276966,0.48899999,0.74193197,91607,0
1.4853437,0.47600001,0.94999999,91608,0
1.8024845,0.34599999,0.68502802,91701,0
8.4225006,0.20900001,0.70371401,91702,0
0.55851305,0.132,0.784576,91706,0
4.1434665,0.27700001,0.94999999,91708,0
3.4327192,0.46599999,0.76803499,91709,0
1.111127,0.226,0.59350902,91710,0
4.4015231,0.56400001,0.75212502,91711,0
0.28523785,0.20900001,0.80173701,91722,0
0.10149454,0.22,0.75238299,91723,0
3.0474441,0.296,0.74689198,91724,0
1.0311643,0.289,0.64111203,91730,0
1.6036471,0.118,0.75288302,91731,0
1.2721207,0.134,0.74958497,91732,0
1.325846,0.1,0.74294198,91733,0
4.9671717,0.37,0.67929,91737,0
1.8006147,0.46399999,0.712937,91739,0
1.450366,0.29100001,0.75472498,91740,0
3.6183286,0.456,0.75739801,91741,0
1.4130106,0.112,0.74556601,91744,0
1.3335503,0.34099999,0.82428598,91745,0
2.2125423,0.132,0.79686397,91746,0
0.86486882,0.38999999,0.83734697,91748,0
3.9441764,0.38,0.73068702,91750,0
2.5789418,0.19,0.68121803,91752,0
1.2721035,0.34900001,0.94056499,91754,0
1.5785917,0.28099999,0.91505498,91755,0
11.935941,0.41100001,0.84385401,91759,0
1.204731,0.183,0.67462897,91761,0
0.14481328,0.163,0.68651903,91762,0
1.0217423,0.163,0.67702401,91763,0
0.3752504,0.161,0.623182,91764,0
1.3152241,0.56,0.86563998,91765,0
1.8731414,0.178,0.68945497,91766,0
0.68356943,0.193,0.72222298,91767,0
3.2395551,0.145,0.63084102,91768,0
0.98261279,0.206,0.85929298,91770,0
1.5098336,0.36899999,0.73487502,91773,0
0.89016902,0.484,0.844675,91775,0
0.89541626,0.27700001,0.86792898,91776,0
0.87144434,0.39399999,0.88902599,91780,0
4.4788966,0.46599999,0.78397101,91784,0
0.81131339,0.25299999,0.67240602,91786,0
1.2855508,0.50999999,0.83429301,91789,0
0.097534515,0.23100001,0.80045801,91790,0
1.5161474,0.32499999,0.80476099,91791,0
1.621258,0.34200001,0.80778903,91792,0
0.76301736,0.37599999,0.82335198,91801,0
1.0915817,0.31,0.87141401,91803,0
5.9659057,0.345,0.56113601,91901,0
3.1328847,0.41800001,0.81443501,91902,0
44.670918,0.12,0.54445201,91905,0
27.71089,0.15899999,0.51305902,91906,0
0.89124858,0.25400001,0.94999999,91910,0
1.9433801,0.167,0.94999999,91911,0
2.0795381,0.40599999,0.86595601,91913,0
1.3269436,0.46799999,0.94999999,91914,0
1.0191513,0.435,0.89136797,91915,0
15.91034,0.25799999,0.56788099,91916,0
15.530598,0.234,0.94999999,91917,0
15.946175,0.154,0.38225299,91931,0
1.6488405,0.219,0.72252202,91932,0
54.099358,0.050000001,0.94999999,91934,0
13.250606,0.38600001,0.70645601,91935,0
1.4659975,0.42399999,0.77961498,91941,0
0.82818663,0.37799999,0.74844599,91942,0
1.3499433,0.186,0.74256498,91945,0
30.403711,0.87,0.40000001,91948,0
1.028981,0.139,0.78997999,91950,0
36.39365,0.32499999,0.486139,91962,0
27.1234,0.30599999,0.94999999,91963,0
2.1806829,0.228,0.68007499,91977,0
2.0338111,0.27900001,0.699265,91978,0
30.932013,0.0,0.94999999,91980,0
8.006629,0.396,0.67436999,92003,0
53.015423,0.255,0.94999999,92004,0
1.6753148,0.60799998,0.76933903,92007,0
1.153816,0.54100001,0.768318,92008,0
1.6560748,0.63300002,0.77625299,92009,0
2.5030377,0.51899999,0.86264098,92010,0
1.3998337,0.63800001,0.743451,92011,0
2.0512793,0.76700002,0.87558001,92014,0
5.5282469,0.33700001,0.696347,92019,0
1.5762395,0.234,0.72097301,92020,0
2.455641,0.184,0.63994497,92021,0
0.79936427,0.62199998,0.79988402,92024,0
1.9165972,0.249,0.67655897,92025,0
5.5532985,0.30399999,0.72849602,92026,0
5.9896412,0.2,0.694359,92027,0
5.147337,0.317,0.690054,92028,0
5.0162592,0.43399999,0.80565,92029,0
33.590378,0.27200001,0.76201898,92036,0
0.85716951,0.75,0.94999999,92037,0
4.9139233,0.20999999,0.571172,92040,0
0.46195963,0.31900001,0.64581102,92054,0
10.182135,0.085000001,0.050000001,92055,0
1.0878668,0.33899999,0.74420702,92056,0
0.45089614,0.30000001,0.65109098,92057,0
3.0073059,0.26800001,0.41166401,92058,0
11.552007,0.171,0.700948,92059,0
20.588566,0.71100003,0.94999999,92060,0
13.859064,0.28,0.86044502,92061,0
5.2055259,0.48300001,0.761114,92064,0
8.1204224,0.28200001,0.57549399,92065,0
43.043961,0.068000004,0.27591199,92066,0
1.9076306,0.68000001,0.94999999,92067,0
3.922133,0.278,0.727705,92069,0
17.550138,0.192,0.896366,92070,0
1.9594036,0.296,0.66123199,92071,0
0.50326425,0.67199999,0.84355801,92075,0
1.6668261,0.46200001,0.73864698,92078,0
1.4363517,0.34099999,0.70331502,92081,0
8.0031614,0.31200001,0.70725298,92082,0
0.71899593,0.167,0.70545399,92083,0
1.3396726,0.25,0.66346502,92084,0
31.110809,0.20999999,0.50268102,92086,0
1.062284,0.69199997,0.94999999,92091,0
1.0305489,0.53299999,0.89789701,92101,0
0.91603392,0.233,0.81266302,92102,0
0.18255676,0.63800001,0.94999999,92103,0
0.92466682,0.493,0.81194699,92104,0
1.5188882,0.155,0.71464503,92105,0
0.95721465,0.57999998,0.75101203,92106,0
0.96870583,0.57599998,0.67240399,92107,0
0.23074776,0.57700002,0.89873499,92108,0
0.14120683,0.65899998,0.74023998,92109,0
1.9756986,0.46700001,0.72339797,92110,0
0.76628411,0.39500001,0.72599697,92111,0
1.5202996,0.086000003,0.72564602,92113,0
3.3246593,0.183,0.76815802,92114,0
0.48099518,0.32600001,0.69238001,92115,0
0.77434272,0.52999997,0.779118,92116,0
1.0023367,0.45699999,0.737755,92117,0
3.9356229,0.64700001,0.74429399,92118,0
1.8083981,0.49000001,0.77735198,92119,0
2.6968417,0.50300002,0.81920898,92120,0
2.3074594,0.81099999,0.94999999,92121,0
0.65757036,0.73900002,0.83802301,92122,0
2.2044129,0.472,0.88993001,92123,0
2.9552469,0.51200002,0.62920099,92124,0
0.57501554,0.44800001,0.77928603,92126,0
1.3837806,0.71600002,0.87491298,92127,0
1.7743666,0.616,0.810031,92128,0
0.42773291,0.62199998,0.83634698,92129,0
1.5022284,0.79400003,0.94999999,92130,0
4.936336,0.69199997,0.94109797,92131,0
0.11242188,0.0,0.94999999,92132,0
1.1386746,0.061000001,0.185965,92134,0
3.9739602,0.333,0.059843,92135,0
2.6932011,0.20999999,0.78468901,92139,0
0.96958649,0.032000002,0.050000001,92140,0
4.5193214,0.551,0.083471,92145,0
1.2321562,0.0,0.050000001,92147,0
2.949621,0.167,0.94999999,92154,0
1.8509352,0.016000001,0.122807,92155,0
3.5474522,0.092,0.94999999,92173,0
0.43231589,0.134,0.69103998,92201,0
0.99157131,0.26300001,0.68653703,92203,0
2.7887158,0.55199999,0.82344902,92210,0
2.5958824,0.40599999,0.875453,92211,0
6.5779696,0.154,0.58939397,92220,0
41.498428,0.0,0.94999999,92222,0
5.2173057,0.249,0.65965998,92223,0
50.876118,0.079999998,0.30814099,92225,0
25.200224,0.121,0.72733903,92227,0
15.448831,0.134,0.42003199,92230,0
0.42071483,0.17900001,0.94999999,92231,0
24.819035,0.016000001,0.31784001,92233,0
1.4170256,0.21600001,0.72565502,92234,0
0.81184125,0.037,0.67886698,92236,0
66.473938,0.55500001,0.58590299,92239,0
3.9280479,0.132,0.69510198,92240,0
30.85148,0.15000001,0.67504698,92241,0
22.499573,0.178,0.865358,92243,0
3.9192266,0.15800001,0.84807301,92249,0
19.574917,0.127,0.77635199,92250,0
22.944616,0.184,0.72175401,92251,0
8.5772066,0.17900001,0.47307399,92252,0
2.11869,0.36300001,0.69359201,92253,0
33.158485,0.013,0.94999999,92254,0
17.92462,0.241,0.594531,92256,0
36.007412,0.07,0.891509,92257,0
2.3619525,0.013,0.85819501,92258,0
42.272572,0.0,0.94999999,92259,0
1.6424404,0.354,0.69089401,92260,0
4.9365802,0.38,0.780595,92262,0
9.3290854,0.41800001,0.81566,92264,0
25.966293,0.17900001,0.63392901,92266,0
16.566189,0.0,0.050000001,92267,0
8.839468,0.17900001,0.75384599,92268,0
2.6181676,0.44999999,0.85516202,92270,0
2.5869884,0.097000003,0.65683502,92273,0
31.603714,0.055,0.847404,92274,0
48.599693,0.106,0.17536099,92275,0
3.023865,0.12,0.85334301,92276,0
47.442051,0.204,0.35427001,92277,0
8.9145737,0.155,0.050000001,92278,0
42.676109,0.0,0.050000001,92280,0
8.3504753,0.061999999,0.55341899,92281,0
15.714645,0.226,0.48027301,92282,0
47.831036,0.081,0.253133,92283,0
11.735453,0.16599999,0.49135101,92284,0
26.135006,0.12,0.43783799,92285,0
7.8661046,0.061000001,0.504197,92301,0
55.862232,0.0,0.050000001,92304,0
5.2418795,0.42500001,0.61846697,92305,0
13.402242,0.191,0.52702701,92307,0
13.333385,0.167,0.49772799,92308,0
96.031151,0.029999999,0.59470499,92309,0
50.038628,0.31999999,0.050000001,92310,0
11.795754,0.103,0.41598901,92311,0
0.5447275,0.271,0.65037602,92313,0
5.8347192,0.171,0.36595401,92314,0
1.9191052,0.28400001,0.70591801,92315,0
1.3626393,0.112,0.69368303,92316,0
2.3728123,0.186,0.67786402,92320,0
4.6258545,0.214,0.64886302,92321,0
8.2242908,0.41600001,0.54588598,92322,0
2.5593095,0.177,0.59408599,92324,0
5.5572147,0.25299999,0.65656197,92325,0
18.786942,0.071999997,0.250774,92327,0
98.878075,0.368,0.409412,92328,0
64.517822,0.030999999,0.050000001,92332,0
5.6019406,0.39500001,0.78861803,92333,0
2.0126359,0.090999998,0.61166698,92335,0
1.0487798,0.243,0.71201497,92336,0
1.6242605,0.178,0.63308698,92337,0
46.064247,0.0,0.050000001,92338,0
17.834141,0.36700001,0.56212997,92339,0
11.972242,0.153,0.94999999,92341,0
26.420479,0.23899999,0.456597,92342,0
4.5616188,0.139,0.493781,92344,0
2.3747582,0.104,0.52910399,92345,0
4.3330112,0.20999999,0.564273,92346,0
27.532215,0.107,0.36106801,92347,0
1.8298322,0.398,0.58424503,92352,0
0.66644424,0.47400001,0.74910998,92354,0
25.775871,0.097999997,0.36625499,92356,0
15.633736,0.185,0.624654,92358,0
6.237937,0.22400001,0.52539498,92359,0
13.912234,0.122,0.234304,92363,0
78.548401,0.0,0.050000001,92364,0
63.771027,0.131,0.31615001,92365,0
16.602413,0.072999999,0.36400801,92368,0
3.8559394,0.124,0.35611099,92371,0
4.5240707,0.156,0.40279001,92372,0
3.8692794,0.5,0.754875,92373,0
0.10079028,0.33899999,0.63957101,92374,0
0.98336256,0.093999997,0.617423,92376,0
2.9979961,0.17299999,0.67269701,92377,0
3.7934954,0.17,0.94999999,92378,0
9.0500755,0.27500001,0.671763,92382,0
36.396187,0.76499999,0.050000001,92384,0
3.174916,0.278,0.94999999,92385,0
5.2221031,0.199,0.47199601,92386,0
33.899624,0.26499999,0.050000001,92389,0
1.9484863,0.114,0.53974903,92391,0
3.0178423,0.133,0.58185703,92392,0
7.2454762,0.112,0.56054902,92394,0
1.0857782,0.17,0.51090801,92395,0
7.6353226,0.31099999,0.65065098,92397,0
11.050218,0.02,0.222826,92398,0
5.4350619,0.245,0.56767797,92399,0
0.9161036,0.064000003,0.442803,92401,0
11.132935,0.104,0.53786099,92404,0
1.0076051,0.111,0.54115498,92405,0
6.8718886,0.15700001,0.546354,92407,0
1.3356289,0.16599999,0.59436101,92408,0
0.9161036,0.057999998,0.60144103,92410,0
0.90573615,0.081,0.60806203,92411,0
0.46699736,0.212,0.75457001,92501,0
1.1603187,0.17900001,0.63063997,92503,0
3.085228,0.18099999,0.58598697,92504,0
1.1700346,0.169,0.59703499,92505,0
2.5807085,0.36300001,0.67196798,92506,0
1.500154,0.292,0.624762,92507,0
0.47750723,0.34900001,0.60443997,92508,0
2.8376596,0.118,0.61001402,92509,0
4.1199126,0.36500001,0.70386702,92518,0
10.060627,0.132,0.57608002,92530,0
3.1018448,0.26699999,0.63009399,92532,0
25.928465,0.178,0.55224401,92536,0
30.858801,0.154,0.35912099,92539,0
2.6097653,0.079999998,0.53655303,92543,0
19.141136,0.131,0.48754999,92544,0
2.9351189,0.13500001,0.59561098,92545,0
8.4405727,0.097999997,0.46636501,92548,0
1.0101957,0.148,0.598665,92551,0
1.8856325,0.108,0.59399498,92553,0
8.634038,0.23199999,0.63634598,92555,0
2.2239106,0.186,0.62873101,92557,0
16.423046,0.41299999,0.552885,92561,0
9.9031515,0.30899999,0.57156402,92562,0
0.72569281,0.30399999,0.62911898,92563,0
9.7944355,0.138,0.50160903,92567,0
6.0996542,0.071999997,0.52399802,92570,0
4.7638521,0.106,0.614528,92571,0
2.8330247,0.161,0.68605,92582,0
1.9255186,0.115,0.53169501,92583,0
2.1105859,0.243,0.58958101,92584,0
4.4501061,0.206,0.65532601,92585,0
0.70776981,0.13699999,0.74017799,92586,0
3.9078214,0.248,0.50794703,92587,0
6.4167099,0.28200001,0.52487803,92590,0
1.8267792,0.333,0.61409003,92591,0
7.4886003,0.361,0.56156802,92592,0
3.2018771,0.17399999,0.549474,92595,0
2.2808352,0.27700001,0.54978901,92596,0
0.57282931,0.69499999,0.94999999,92602,0
3.3973386,0.78899997,0.90625501,92603,0
1.0188441,0.61400002,0.81121302,92604,0
0.26857564,0.63999999,0.743101,92606,0
1.1076565,0.62400001,0.63567603,92610,0
0.805112,0.69999999,0.72747803,92612,0
0.47660896,0.671,0.88316202,92614,0
1.053647,0.86799997,0.66492498,92617,0
1.2155691,0.676,0.94999999,92618,0
0.22608699,0.69199997,0.94999999,92620,0
1.3283205,0.40400001,0.693012,92624,0
0.2408447,0.69999999,0.72230101,92625,0
0.52078676,0.44299999,0.70682698,92626,0
0.77937651,0.37200001,0.65557402,92627,0
1.4122725,0.54000002,0.68557501,92629,0
0.8090353,0.43799999,0.84220302,92630,0
0.16065077,0.49200001,0.94999999,92637,0
0.36806166,0.43599999,0.73146099,92646,0
0.83578795,0.361,0.68102902,92647,0
1.2947184,0.45699999,0.70690799,92648,0
0.86747742,0.47299999,0.70526898,92649,0
0.84761649,0.67000002,0.74153101,92651,0
1.1097844,0.50700003,0.78628099,92653,0
0.83318591,0.189,0.851367,92655,0
1.1591357,0.56,0.76984602,92656,0
0.7738288,0.77700001,0.898444,92657,0
0.32864249,0.67699999,0.74856299,92660,0
1.0628232,0.58899999,0.618671,92661,0
0.48873323,0.71399999,0.72757602,92662,0
0.2271639,0.60100001,0.6329,92663,0
16.104305,0.46599999,0.66354901,92672,0
1.3461269,0.56400001,0.66546297,92673,0
4.1938424,0.38299999,0.65473598,92675,0
5.3972874,0.419,0.62329799,92676,0
0.76149696,0.53399998,0.744048,92677,0
3.2177091,0.32300001,0.414179,92678,0
8.9207869,0.60799998,0.70722002,92679,0
0.57849061,0.27000001,0.82893002,92683,0
1.4350899,0.50599998,0.72894502,92688,0
1.4483975,0.45300001,0.705042,92691,0
0.83911455,0.52600002,0.77169299,92692,0
1.5146098,0.68400002,0.865771,92694,0
0.5180248,0.109,0.64117199,92701,0
0.77919227,0.1,0.79123098,92703,0
1.3891877,0.164,0.74412799,92704,0
0.63468891,0.419,0.73934197,92705,0
1.3291646,0.20299999,0.80514801,92706,0
0.58232665,0.148,0.72019899,92707,0
0.64950138,0.43200001,0.808263,92708,0
0.65306252,0.34599999,0.70788097,92780,0
0.42137039,0.66000003,0.94999999,92782,0
0.83921659,0.193,0.68101901,92801,0
0.28503197,0.186,0.74939698,92802,0
0.68680787,0.222,0.710154,92804,0
0.79938543,0.19,0.73202902,92805,0
1.5248742,0.266,0.742535,92806,0
0.25900632,0.41600001,0.77620298,92807,0
1.5851024,0.54900002,0.75633597,92808,0
0.80106455,0.433,0.80860502,92821,0
4.0439596,0.62900001,0.94999999,92823,0
0.69746447,0.42899999,0.68772501,92831,0
1.0050374,0.31200001,0.74576998,92832,0
0.10821116,0.41800001,0.787673,92833,0
2.1105535,0.546,0.83995003,92835,0
1.1821033,0.222,0.78723401,92840,0
0.24849802,0.214,0.81459099,92841,0
0.38385153,0.169,0.79368299,92843,0
0.10105925,0.221,0.84348398,92844,0
0.21129979,0.391,0.75368798,92845,0
0.9196682,0.20100001,0.47281599,92860,0
1.1912706,0.54500002,0.73563403,92861,0
1.0691764,0.35100001,0.72877502,92865,0
0.77281719,0.34299999,0.67363697,92866,0
1.097953,0.39399999,0.69017702,92867,0
1.2548248,0.285,0.6595,92868,0
1.7151384,0.43900001,0.75060999,92869,0
0.79693609,0.391,0.73843199,92870,0
0.93376935,0.22400001,0.64842302,92879,0
3.3166511,0.35499999,0.61916101,92880,0
0.68912345,0.30899999,0.60841799,92881,0
4.4890962,0.259,0.61938202,92882,0
3.6768761,0.31200001,0.656618,92883,0
1.3782517,0.51300001,0.73501801,92886,0
2.8736756,0.60600001,0.75235599,92887,0
1.968545,0.333,0.74204803,93001,0
0.76506126,0.37099999,0.74273998,93003,0
3.5405326,0.33000001,0.738895,93004,0
1.042012,0.40099999,0.72092801,93010,0
3.0058045,0.47499999,0.77449602,93012,0
21.018671,0.37099999,0.81696802,93013,0
11.239163,0.163,0.742935,93015,0
1.8407577,0.43700001,0.751001,93021,0
4.4115057,0.30500001,0.58820099,93022,0
6.5830221,0.42399999,0.74551499,93023,0
53.603752,0.175,0.78817898,93030,0
3.2770987,0.103,0.743527,93033,0
11.264524,0.31799999,0.69436502,93035,0
0.34792528,0.221,0.717049,93036,0
11.070285,0.081,0.88093799,93040,0
2.8402388,0.2,0.62431997,93041,0
1.959078,0.0,0.22388101,93043,0
6.4645038,0.156,0.74442703,93060,0
1.7697964,0.31600001,0.72399998,93063,0
1.7697964,0.0,0.050000001,93064,0
0.85796314,0.35299999,0.75325102,93065,0
4.5595684,0.329,0.71617699,93066,0
3.5725431,0.61799997,0.94999999,93067,0
0.45501894,0.38999999,0.81644398,93101,0
0.61361766,0.46399999,0.80569702,93103,0
6.4001327,0.588,0.74979699,93105,0
9.4735727,0.713,0.82134402,93108,0
0.89380258,0.58899999,0.80539,93109,0
1.1443418,0.47,0.76902199,93110,0
1.5739535,0.51200002,0.89224201,93111,0
27.852007,0.50300002,0.60217702,93117,0
24.42779,0.017999999,0.45072401,93201,0
3.3433506,0.105,0.46121699,93202,0
12.402945,0.02,0.59829801,93203,0
11.846562,0.032000002,0.498117,93204,0
14.776157,0.161,0.431959,93205,0
15.788587,0.048,0.713346,93206,0
26.281601,0.28,0.45967701,93207,0
38.934673,0.175,0.050000001,93208,0
8.8713703,0.118,0.41170299,93210,0
12.20542,0.037999999,0.33954301,93212,0
12.156587,0.075999998,0.60383803,93215,0
19.562784,0.041999999,0.63875002,93218,0
14.673029,0.025,0.59738898,93219,0
6.403924,0.0,0.050000001,93220,0
4.8192439,0.19499999,0.543899,93221,0
41.03331,0.27200001,0.707349,93222,0
0.8053481,0.032000002,0.54739201,93223,0
13.463623,0.052999999,0.29385,93224,0
41.03331,0.176,0.48340899,93225,0
19.418379,0.25400001,0.050000001,93226,0
2.9516809,0.184,0.538028,93230,0
23.40369,0.011,0.62375301,93234,0
7.5272183,0.057,0.56833798,93235,0
5.7523413,0.40799999,0.94999999,93238,0
21.081503,0.018999999,0.739241,93239,0
2.0114112,0.15800001,0.47299299,93240,0
0.8646009,0.025,0.59557801,93241,0
6.2250752,0.074000001,0.49083,93242,0
34.950893,0.206,0.42941999,93243,0
10.111967,0.44800001,0.72664398,93244,0
1.9733529,0.20100001,0.453686,93245,0
0.32693672,0.059999999,0.53591299,93247,0
48.930954,0.012,0.94999999,93249,0
3.626317,0.039999999,0.552149,93250,0
41.360916,0.046,0.60209399,93251,0
38.115753,0.075000003,0.224576,93252,0
34.408798,0.13,0.59592998,93254,0
27.967941,0.259,0.328509,93255,0
18.163939,0.022,0.539204,93256,0
12.22889,0.115,0.607355,93257,0
12.22889,0.003,0.92823201,93258,0
22.519363,0.19,0.050000001,93260,0
11.628228,0.018999999,0.68807697,93261,0
17.929113,0.5,0.050000001,93262,0
2.0826452,0.102,0.58125502,93263,0
31.636019,0.331,0.59814799,93265,0
23.679169,0.082999997,0.62449998,93266,0
5.1891508,0.088,0.45976099,93267,0
8.1842823,0.082999997,0.36334899,93268,0
18.16744,0.090000004,0.64241099,93270,0
29.8272,0.50599998,0.51897699,93271,0
18.163939,0.028999999,0.385573,93272,0
2.9961946,0.106,0.55166399,93274,0
17.849199,0.183,0.050000001,93276,0
3.2048211,0.228,0.58384901,93277,0
12.734027,0.037,0.48728499,93280,0
23.909054,0.037,0.372531,93283,0
9.1433792,0.134,0.523395,93285,0
9.33249,0.13,0.59793001,93286,0
30.677515,0.0,0.050000001,93287,0
3.6316204,0.229,0.59389198,93291,0
9.3065004,0.20100001,0.59143698,93292,0
0.7045269,0.197,0.64128798,93301,0
0.64645118,0.085000001,0.58832002,93304,0
1.5250461,0.071000002,0.51748002,93305,0
16.453796,0.17200001,0.614308,93306,0
2.8898516,0.055,0.58186501,93307,0
21.494371,0.15099999,0.48428199,93308,0
0.52526754,0.212,0.586905,93309,0
23.334671,0.38100001,0.78347701,93311,0
1.0105025,0.322,0.582421,93312,0
19.646179,0.154,0.69090801,93313,0
5.2591515,0.32699999,0.66976398,93314,0
6.6778069,0.51499999,0.80413902,93401,0
2.7591252,0.428,0.67958498,93402,0
2.8798819,0.38100001,0.40111101,93405,0
10.561003,0.37799999,0.67733198,93420,0
2.8292449,0.32499999,0.59680599,93422,0
8.7313232,0.248,0.94999999,93424,0
33.9832,0.25400001,0.343649,93426,0
1.4741025,0.36500001,0.72043598,93427,0
8.4534922,0.41,0.77833802,93428,0
14.359301,0.0,0.050000001,93429,0
5.9135981,0.396,0.703866,93430,0
14.312814,0.39899999,0.56498098,93432,0
0.86889607,0.31600001,0.63970602,93433,0
8.0218697,0.092,0.78375202,93434,0
5.8372898,0.177,0.643125,93436,0
12.176974,0.435,0.14768399,93437,0
17.099764,0.121,0.74482799,93440,0
7.3313646,0.47600001,0.94999999,93441,0
6.8488789,0.40799999,0.732077,93442,0
3.8856003,0.31099999,0.709629,93444,0
5.5405393,0.162,0.63620198,93445,0
16.974691,0.25400001,0.61544299,93446,0
3.5827982,0.461,0.70235801,93449,0
37.473392,0.090999998,0.483821,93450,0
25.919838,0.192,0.56891203,93451,0
7.3247728,0.127,0.65018302,93452,0
45.768673,0.324,0.589836,93453,0
35.357517,0.17,0.71088701,93454,0
7.261323,0.285,0.64999902,93455,0
4.5098777,0.075999998,0.70229,93458,0
18.570662,0.354,0.72761101,93460,0
41.859089,0.111,0.56633002,93461,0
2.514575,0.403,0.71034902,93463,0
10.885945,0.37900001,0.69310898,93465,0
14.589463,0.097000003,0.46971399,93501,0
6.0903854,0.111,0.39637601,93505,0
3.5932984,0.278,0.54424798,93510,0
31.896933,0.294,0.37308899,93512,0
39.78756,0.197,0.61374199,93513,0
16.324276,0.30899999,0.60508299,93514,0
35.583405,0.124,0.31653699,93516,0
70.352234,0.38800001,0.63067299,93517,0
25.157887,0.228,0.51116598,93518,0
10.284428,0.0,0.050000001,93519,0
88.092552,0.22,0.050000001,93522,0
6.0903854,0.34299999,0.258174,93523,0
28.989504,0.0,0.94999999,93524,0
71.895439,0.19599999,0.57647097,93526,0
40.606289,0.287,0.62180799,93527,0
25.157066,0.0,0.050000001,93528,0
16.697638,0.228,0.94999999,93529,0
75.596153,0.5,0.050000001,93530,0
16.316036,0.50199997,0.90625,93531,0
25.581982,0.205,0.49922699,93532,0
2.4657133,0.164,0.62084901,93534,0
18.123514,0.111,0.62560803,93535,0
25.581982,0.23899999,0.61368299,93536,0
33.731361,0.75199997,0.94999999,93541,0
17.880875,0.078000002,0.60890698,93543,0
22.336359,0.15800001,0.48539501,93544,0
75.596153,0.169,0.59941298,93545,0
15.211068,0.28400001,0.761926,93546,0
68.403488,0.027000001,0.050000001,93549,0
6.7845817,0.086000003,0.66412801,93550,0
1.3811609,0.28,0.73576701,93551,0
7.4210739,0.114,0.72456598,93552,0
21.022282,0.191,0.552311,93553,0
26.005634,0.064000003,0.050000001,93554,0
2.3717813,0.28400001,0.47301301,93555,0
28.589638,0.0,0.050000001,93558,0
11.341675,0.177,0.49680799,93560,0
6.3289862,0.18799999,0.44336399,93561,0
37.932751,0.11,0.29616299,93562,0
16.324446,0.26800001,0.050000001,93563,0
22.563707,0.064000003,0.59020001,93591,0
44.43935,0.178,0.050000001,93592,0
8.3868809,0.094999999,0.56563801,93601,0
32.150875,0.226,0.449927,93602,0
14.942016,0.36000001,0.41142899,93603,0
33.309742,0.33199999,0.77882802,93604,0
38.476894,0.37799999,0.050000001,93605,0
8.1052103,0.094999999,0.89401901,93606,0
33.287388,0.0,0.66342801,93608,0
18.109049,0.14399999,0.72205001,93609,0
4.4936132,0.093000002,0.40882999,93610,0
1.4873307,0.34900001,0.66647702,93611,0
0.27425048,0.186,0.61554801,93612,0
6.9893618,0.26199999,0.54231602,93614,0
11.174946,0.012,0.50266403,93615,0
6.0788622,0.163,0.62180001,93616,0
2.8202722,0.114,0.62638199,93618,0
8.9803534,0.45899999,0.83347303,93619,0
12.852393,0.113,0.58182901,93620,0
27.040411,0.80000001,0.94999999,93621,0
31.948534,0.054000001,0.64379501,93622,0
15.386999,0.70200002,0.52631599,93623,0
29.261213,0.107,0.614057,93624,0
2.0479476,0.2,0.73235101,93625,0
12.271833,0.428,0.51420802,93626,0
21.668732,0.0,0.69230801,93627,0
31.644915,0.44600001,0.94999999,93628,0
4.7959247,0.082000002,0.69531101,93630,0
5.4318037,0.27599999,0.61336303,93631,0
49.842751,0.0,0.050000001,93633,0
43.379246,0.47099999,0.050000001,93634,0
6.2958612,0.102,0.71362698,93635,0
15.070059,0.26499999,0.67697901,93636,0
12.447083,0.132,0.62723303,93637,0
7.0086093,0.079000004,0.61083102,93638,0
30.525841,0.022,0.76345199,93640,0
28.586905,0.0089999996,0.050000001,93641,0
23.500919,0.22,0.59703797,93643,0
8.8388767,0.236,0.52870899,93644,0
10.616105,0.20299999,0.94594598,93645,0
4.843925,0.035999998,0.56339002,93646,0
10.45958,0.071000002,0.58961803,93647,0
6.2105236,0.052999999,0.653418,93648,0
0.30499306,0.055,0.78387499,93650,0
22.545706,0.233,0.50206202,93651,0
13.30289,0.0,0.62575501,93652,0
19.098413,0.228,0.351064,93653,0
2.7251825,0.141,0.70428699,93654,0
14.306287,0.101,0.658333,93656,0
17.16674,0.16599999,0.70104802,93657,0
19.015802,0.032000002,0.76121002,93660,0
2.1184077,0.105,0.67726302,93662,0
50.260021,0.465,0.80263197,93664,0
12.891278,0.0,0.42835999,93665,0
2.8202722,0.02,0.50402099,93666,0
37.199966,0.19599999,0.439118,93667,0
22.515141,0.12,0.52126801,93668,0
11.437018,0.14399999,0.49579799,93669,0
9.4207668,0.0049999999,0.58297902,93673,0
21.893913,0.211,0.41471699,93675,0
0.90047616,0.050999999,0.64480197,93701,0
1.3788648,0.059,0.63537699,93702,0
1.0181235,0.082000002,0.60755098,93703,0
1.2553114,0.315,0.62033898,93704,0
1.2863829,0.127,0.60500401,93705,0
13.30289,0.085000001,0.57802802,93706,0
0.67406803,0.266,0.558837,93710,0
0.36112833,0.435,0.70194203,93711,0
0.57454091,0.47799999,0.73658001,93720,0
0.87404233,0.131,0.49224201,93721,0
0.77582866,0.185,0.67811,93722,0
5.9178643,0.20900001,0.63744402,93723,0
3.811167,0.094999999,0.63367701,93725,0
1.1158307,0.148,0.590985,93726,0
1.4055313,0.199,0.64807302,93727,0
2.174377,0.155,0.602,93728,0
3.7682576,0.61500001,0.78994,93730,0
0.31475776,0.243,0.82479697,93901,0
0.36917764,0.050999999,0.88440198,93905,0
0.77020562,0.14300001,0.75066203,93906,0
3.182687,0.23100001,0.71687502,93907,0
7.8092499,0.47799999,0.83621597,93908,0
40.668877,0.331,0.63337898,93920,0
1.6700829,0.685,0.76878297,93921,0
13.660615,0.60600001,0.71977103,93923,0
18.315311,0.47299999,0.79056799,93924,0
12.002628,0.093000002,0.61361301,93925,0
3.5430243,0.090999998,0.86046201,93926,0
19.855072,0.055,0.78948599,93927,0
2.8430791,0.059999999,0.125293,93928,0
11.795318,0.078000002,0.74044299,93930,0
28.399317,0.16,0.38392901,93932,0
0.68517858,0.32300001,0.781542,93933,0
2.1637166,0.52999997,0.69807601,93940,0
1.3546892,0.0,0.94999999,93943,0
1.3556584,0.54400003,0.785667,93950,0
3.0385549,0.63300002,0.85272098,93953,0
13.052875,0.0,0.35833299,93954,0
2.2872822,0.236,0.70891303,93955,0
2.4875679,0.068999998,0.54140002,93960,0
7.8092499,0.34200001,0.94999999,93962,0
2.3101921,0.64600003,0.93215901,94002,0
3.3680925,0.54799998,0.94317102,94005,0
1.9404389,0.70300001,0.93739599,94010,0
2.3344285,0.329,0.81988502,94014,0
0.87949246,0.40099999,0.83514303,94015,0
4.4486256,0.52499998,0.683424,94019,0
16.494087,0.61799997,0.698125,94020,0
18.584583,0.463,0.240705,94021,0
3.4593728,0.847,0.94999999,94022,0
1.3141968,0.85100001,0.94999999,94024,0
0.90649098,0.685,0.894633,94025,0
1.271354,0.82200003,0.852108,94027,0
6.0494905,0.79500002,0.88696402,94028,0
0.86178553,0.523,0.93440503,94030,0
5.8486195,0.53399998,0.94999999,94037,0
4.9431591,0.57099998,0.77114701,94038,0
0.95451248,0.71399999,0.93604797,94040,0
1.0272844,0.67900002,0.93826598,94041,0
1.2195749,0.68599999,0.90944397,94043,0
2.1228914,0.45699999,0.86502999,94044,0
25.449266,0.493,0.94999999,94060,0
0.69162929,0.47799999,0.80616301,94061,0
8.8052959,0.64999998,0.847498,94062,0
2.4641061,0.301,0.86246401,94063,0
3.7717931,0.76200002,0.93436903,94065,0
2.3759315,0.43900001,0.90137601,94066,0
0.90095931,0.68800002,0.94489801,94070,0
18.507364,0.16599999,0.94999999,94074,0
1.7790601,0.35699999,0.87128401,94080,0
2.1177638,0.52700001,0.93100202,94085,0
1.0882044,0.68599999,0.89666498,94086,0
1.3413754,0.72799999,0.94497502,94087,0
1.6963971,0.51499999,0.90482199,94089,0
0.24752516,0.48199999,0.94999999,94102,0
0.29548919,0.53200001,0.94999999,94103,0
0.070728101,0.37599999,0.94999999,94104,0
0.25523821,0.82999998,0.94999999,94105,0
0.32508498,0.68900001,0.88931298,94107,0
0.21735287,0.47400001,0.78132999,94108,0
0.1208943,0.667,0.77581,94109,0
0.21302965,0.58600003,0.90262002,94110,0
0.8529951,0.72500002,0.94999999,94111,0
0.10217649,0.32300001,0.94464099,94112,0
0.37931135,0.78100002,0.836393,94114,0
0.65848243,0.708,0.857346,94115,0
0.30577597,0.55000001,0.88784301,94116,0
0.42095023,0.773,0.70862103,94117,0
0.24483566,0.70599997,0.79918498,94118,0
17.040438,0.58899999,0.858787,94121,0
0.40953013,0.60799998,0.82463503,94122,0
0.13946247,0.85100001,0.77119398,94123,0
1.1708956,0.26300001,0.94999999,94124,0
0.54406005,0.68300003,0.88444,94127,0
2.3059502,0.14399999,0.050000001,94128,0
1.5010202,0.83700001,0.67794901,94129,0
4.3582654,0.38699999,0.55312699,94130,0
0.5647763,0.73400003,0.85349101,94131,0
0.82756311,0.50999999,0.696217,94132,0
0.13946247,0.493,0.837924,94133,0
1.2124368,0.24600001,0.94999999,94134,0
0.32010713,0.736,0.94999999,94158,0
0.69294333,0.82599998,0.94999999,94301,0
1.7579161,0.47499999,0.88157099,94303,0
0.3919279,0.85100001,0.94999999,94304,0
0.60660309,0.93599999,0.55173302,94305,0
0.45685384,0.80699998,0.94999999,94306,0
0.64230657,0.41299999,0.88637203,94401,0
0.70159745,0.65499997,0.94999999,94402,0
1.2908503,0.58600003,0.90893298,94403,0
0.94707698,0.69400001,0.91540802,94404,0
1.0615776,0.52899998,0.88457799,94501,0
0.77883375,0.62599999,0.92497802,94502,0
2.765327,0.29800001,0.93040901,94503,0
2.9689238,0.31400001,0.65880102,94505,0
2.4570115,0.71200001,0.93479502,94506,0
4.6616216,0.73799998,0.92098701,94507,0
21.019144,0.44999999,0.46453601,94508,0
0.54617769,0.16599999,0.74950403,94509,0
6.9642982,0.44600001,0.79568303,94510,0
10.637828,0.11,0.64177001,94511,0
12.368931,0.0,0.050000001,94512,0
2.8018625,0.32499999,0.83369797,94513,0
5.6386251,0.234,0.581545,94514,0
15.61442,0.37,0.74855202,94515,0
2.9468358,0.72399998,0.050000001,94516,0
8.973485,0.53100002,0.80815202,94517,0
1.6057588,0.41800001,0.81015003,94518,0
2.7752147,0.34599999,0.78504097,94519,0
0.85106707,0.25400001,0.86957002,94520,0
0.078073099,0.42699999,0.84321898,94521,0
0.22655426,0.54900002,0.89365798,94523,0
4.0992436,0.41800001,0.780774,94525,0
0.55803794,0.671,0.92149699,94526,0
4.0695477,0.80000001,0.94999999,94528,0
0.76888949,0.63499999,0.94999999,94530,0
1.646832,0.27599999,0.83993202,94531,0
1.2320291,0.215,0.67753398,94533,0
4.0200176,0.40000001,0.83360797,94534,0
7.2226281,0.43599999,0.24367601,94535,0
1.658299,0.51599997,0.85593098,94536,0
1.0849539,0.48300001,0.88674003,94538,0
1.2971803,0.73100001,0.94701898,94539,0
1.0408353,0.28400001,0.844827,94541,0
2.4431715,0.48199999,0.81058401,94542,0
1.423629,0.213,0.84340799,94544,0
2.8190053,0.28400001,0.89986902,94545,0
2.6775627,0.42199999,0.90526402,94546,0
1.9533141,0.43200001,0.89521801,94547,0
4.7669754,0.169,0.94999999,94548,0
0.79117149,0.71399999,0.91636199,94549,0
18.091936,0.47799999,0.83391601,94550,0
9.4440756,0.43700001,0.72992498,94551,0
5.9443583,0.602,0.91720998,94552,0
0.57771617,0.39199999,0.84457397,94553,0
2.8921816,0.60600001,0.87870401,94555,0
0.78972459,0.73900002,0.880979,94556,0
19.639885,0.35699999,0.78951102,94558,0
4.5009885,0.32699999,0.78915298,94559,0
3.4645472,0.336,0.885827,94560,0
3.8582468,0.198,0.784096,94561,0
1.20625,0.824,0.94999999,94563,0
0.80980146,0.317,0.87916899,94564,0
1.2004391,0.189,0.830733,94565,0
2.2351916,0.63800001,0.884628,94566,0
31.887039,0.31799999,0.61635202,94567,0
2.0349212,0.65100002,0.94999999,94568,0
2.713809,0.35600001,0.050000001,94569,0
22.812218,0.32600001,0.70560199,94571,0
4.3836527,0.23999999,0.73812902,94572,0
19.38423,0.60000002,0.94999999,94573,0
13.757525,0.50800002,0.767654,94574,0
2.4449987,0.65200001,0.143463,94575,0
18.806654,0.248,0.94999999,94576,0
1.5374916,0.347,0.88345301,94577,0
0.70007885,0.255,0.780424,94578,0
1.1366171,0.29499999,0.90705299,94579,0
0.6649341,0.25099999,0.836891,94580,0
1.3682177,0.75400001,0.94999999,94582,0
1.2124306,0.65200001,0.94999999,94583,0
9.1613054,0.21799999,0.68712002,94585,0
6.2392411,0.45699999,0.94999999,94586,0
2.0652416,0.403,0.83990097,94587,0
1.1352819,0.66600001,0.87747902,94588,0
1.5530438,0.20999999,0.75615698,94589,0
0.6255489,0.212,0.73376101,94590,0
1.7454622,0.30000001,0.778687,94591,0
1.1423894,0.58600003,0.921857,94592,0
0.93642288,0.64499998,0.90574002,94595,0
1.7070359,0.68599999,0.93296897,94596,0
1.1425437,0.65700001,0.89348602,94597,0
0.67505461,0.71600002,0.93255001,94598,0
9.8600054,0.40799999,0.86292899,94599,0
1.552417,0.221,0.86011302,94601,0
1.3527601,0.51499999,0.88150102,94602,0
2.0040901,0.133,0.82366103,94603,0
1.7372971,0.354,0.81295103,94605,0
1.0345496,0.36700001,0.84016001,94606,0
2.2367325,0.43099999,0.82061899,94607,0
0.17156805,0.59399998,0.82552302,94608,0
0.70312148,0.57599998,0.79421997,94609,0
0.37497175,0.70099998,0.834077,94610,0
0.89398342,0.74000001,0.94554001,94611,0
0.42595702,0.53899997,0.94999999,94612,0
0.82733107,0.493,0.171967,94613,0
1.0586643,0.81,0.89266998,94618,0
2.3601029,0.50300002,0.89598697,94619,0
1.3139046,0.105,0.79020602,94621,0
0.89484435,0.63999999,0.92449898,94702,0
0.13049936,0.70499998,0.783903,94703,0
0.85141551,0.68400002,0.468557,94704,0
0.2692728,0.82499999,0.91657102,94705,0
0.07072363,0.736,0.88656199,94706,0
1.005513,0.85699999,0.94999999,94707,0
2.6709259,0.87099999,0.94999999,94708,0
0.090176389,0.84600002,0.73799098,94709,0
1.4512974,0.565,0.94999999,94710,0
0.18060786,0.87800002,0.49560601,94720,0
1.6520444,0.18099999,0.90344399,94801,0
4.4439583,0.38999999,0.86640799,94803,0
0.75410682,0.27500001,0.92550099,94804,0
2.3772385,0.37400001,0.91771197,94805,0
0.14238618,0.184,0.84237099,94806,0
0.5520401,0.0,0.050000001,94850,0
1.6341535,0.491,0.94999999,94901,0
1.4264753,0.58600003,0.92309803,94903,0
2.4623852,0.73299998,0.89857602,94904,0
1.82042,0.79100001,0.889319,94920,0
12.181901,0.40099999,0.30829999,94922,0
11.228317,0.65100002,0.94999999,94923,0
20.712284,0.56900001,0.94999999,94924,0
0.77723145,0.66799998,0.94999999,94925,0
1.0141885,0.294,0.79525697,94928,0
20.890776,0.56599998,0.050000001,94929,0
12.01728,0.60100001,0.86402798,94930,0
0.9317323,0.32100001,0.83052301,94931,0
11.666627,0.46900001,0.94999999,94933,0
26.945463,0.57200003,0.94999999,94937,0
12.383269,0.52100003,0.604119,94938,0
0.88697869,0.80299997,0.94999999,94939,0
22.136703,0.5,0.49825799,94940,0
2.4774139,0.75599998,0.89464802,94941,0
2.1418786,0.46200001,0.84397101,94945,0
10.891752,0.58700001,0.78440398,94946,0
4.3179493,0.46700001,0.85346103,94947,0
1.101253,0.495,0.85130697,94949,0
19.388147,0.57200003,0.050000001,94950,0
6.1824222,0.41800001,0.72806001,94951,0
14.813416,0.435,0.77514797,94952,0
5.2049537,0.354,0.84876901,94954,0
18.724184,0.55599999,0.94999999,94956,0
2.223881,0.73900002,0.94999999,94957,0
3.0255728,0.73500001,0.87967497,94960,0
9.6551857,0.68400002,0.94999999,94963,0
1.7316579,0.089000002,0.134073,94964,0
5.0899205,0.63099998,0.82682401,94965,0
11.88058,0.63700002,0.65412402,94970,0
18.203598,0.704,0.94999999,94971,0
13.56911,0.0,0.94999999,94972,0
7.4215193,0.546,0.94999999,94973,0
1.9080701,0.23999999,0.782812,95002,0
4.0933313,0.55299997,0.77356303,95003,0
9.3103075,0.315,0.73588401,95004,0
4.5657792,0.414,0.66914201,95005,0
17.42914,0.389,0.69010401,95006,0
17.42914,0.07,0.94999999,95007,0
0.98223758,0.53200001,0.910492,95008,0
0.53365368,0.37400001,0.89544803,95010,0
6.9134598,0.079000004,0.86277002,95012,0
5.7108331,0.273,0.94999999,95013,0
3.6927698,0.79000002,0.94122398,95014,0
14.057759,0.37400001,0.77828097,95017,0
1.9156287,0.53600001,0.88885498,95018,0
0.400879,0.068000004,0.85155201,95019,0
4.6399508,0.27399999,0.84539199,95020,0
18.1999,0.184,0.76435,95023,0
1.6598229,0.76499999,0.897995,95030,0
2.8504217,0.68099999,0.94999999,95032,0
3.0907283,0.65499997,0.80269998,95033,0
3.9128704,0.50599998,0.94556397,95035,0
5.3461814,0.43099999,0.86627001,95037,0
8.9967184,0.082999997,0.94999999,95039,0
1.0168564,0.308,0.94999999,95041,0
29.198591,0.259,0.42173901,95043,0
10.514428,0.28400001,0.69373298,95045,0
4.3060756,0.23899999,0.89887601,95046,0
0.97631645,0.48899999,0.87121099,95050,0
0.51191258,0.63700002,0.94999999,95051,0
0.9031744,0.76599997,0.099947996,95053,0
1.2456003,0.66399997,0.94999999,95054,0
6.0501084,0.54799998,0.757976,95060,0
1.5901357,0.417,0.79141003,95062,0
2.3937211,0.64300001,0.194061,95064,0
4.4825125,0.46599999,0.79818201,95065,0
3.0788221,0.542,0.82174301,95066,0
2.0238614,0.77600002,0.94999999,95070,0
5.8259854,0.42199999,0.80178899,95073,0
18.1999,0.24600001,0.86453199,95075,0
5.4242063,0.193,0.81437403,95076,0
0.51268941,0.37400001,0.87976599,95110,0
1.4469825,0.20299999,0.87118,95111,0
0.4344596,0.373,0.73185802,95112,0
1.2989248,0.70700002,0.94999999,95113,0
1.2722269,0.16500001,0.78656799,95116,0
1.3286895,0.433,0.83232099,95117,0
0.85671723,0.50700003,0.89796102,95118,0
1.3068265,0.426,0.94999999,95119,0
4.6094632,0.722,0.94581801,95120,0
0.863976,0.317,0.94336098,95121,0
1.103227,0.161,0.90644598,95122,0
1.2908059,0.44400001,0.87103802,95123,0
1.1576729,0.546,0.87644303,95124,0
0.51010901,0.55000001,0.90610099,95125,0
0.36270663,0.52399999,0.882052,95126,0
4.3724699,0.23100001,0.82803297,95127,0
0.66836649,0.435,0.81867301,95128,0
0.48751101,0.71799999,0.94992697,95129,0
0.41217217,0.59299999,0.84485799,95130,0
1.2759129,0.54699999,0.91268402,95131,0
5.9520144,0.46700001,0.92127502,95132,0
1.148921,0.36300001,0.92708701,95133,0
1.2368518,0.76099998,0.916484,95134,0
6.3024635,0.61799997,0.91146201,95135,0
0.67382133,0.454,0.85637897,95136,0
4.1393785,0.58700001,0.86139703,95138,0
4.185833,0.426,0.790887,95139,0
11.529074,0.51899999,0.94999999,95140,0
1.8479418,0.40099999,0.896411,95148,0
0.98543787,0.11,0.53709602,95202,0
2.0520163,0.15099999,0.60502601,95203,0
1.0057007,0.19599999,0.62855703,95204,0
0.94985497,0.048,0.62314302,95205,0
8.8309431,0.104,0.67623901,95206,0
0.96055055,0.20100001,0.56092399,95207,0
1.9608642,0.221,0.639,95209,0
1.2477292,0.11,0.58367699,95210,0
0.41317642,0.52899998,0.110222,95211,0
5.8972902,0.26699999,0.66711903,95212,0
14.276509,0.071000002,0.56616199,95215,0
4.4291034,0.39399999,0.68912798,95219,0
10.19453,0.16500001,0.538194,95220,0
9.6215849,0.22400001,0.53266197,95222,0
27.979742,0.28999999,0.89920098,95223,0
21.620897,0.64099997,0.94999999,95224,0
5.6477609,0.059999999,0.924119,95225,0
6.0908966,0.0,0.94999999,95226,0
17.888002,0.403,0.794025,95227,0
18.180315,0.19599999,0.55150402,95228,0
21.528328,0.104,0.43643001,95230,0
5.8901744,0.068000004,0.470541,95231,0
17.576746,0.41,0.91925502,95232,0
20.575686,0.21799999,0.46320301,95233,0
8.8309431,0.0,0.94999999,95234,0
22.386217,0.16500001,0.66299701,95236,0
13.083825,0.17399999,0.57571101,95237,0
17.157948,0.155,0.59982997,95240,0
5.861083,0.25099999,0.67923099,95242,0
15.648524,0.2,0.60184002,95245,0
14.120511,0.27700001,0.74404198,95246,0
19.176003,0.29699999,0.76577502,95247,0
22.117184,0.191,0.94999999,95248,0
13.526698,0.11,0.37926501,95249,0
14.120511,0.0,0.050000001,95250,0
8.7417784,0.198,0.53280002,95251,0
2.4130845,0.127,0.424034,95252,0
11.743564,0.28400001,0.311111,95254,0
40.613377,0.086000003,0.66875499,95255,0
32.91534,0.075000003,0.56430399,95257,0
4.2310314,0.32300001,0.80701202,95258,0
2.8819542,0.16,0.54815501,95301,0
12.669024,0.25,0.37004799,95303,0
1.9530659,0.18000001,0.62514502,95304,0
2.2353439,0.0,0.94999999,95305,0
15.12046,0.23999999,0.69550699,95306,0
3.4924695,0.090999998,0.59252501,95307,0
8.8254547,0.163,0.68851602,95310,0
23.269041,0.153,0.43600601,95311,0
8.8120213,0.18700001,0.69915301,95312,0
10.136069,0.13,0.522008,95313,0
40.620926,0.0,0.050000001,95314,0
5.7842398,0.085000001,0.48199499,95315,0
12.279765,0.15099999,0.49939099,95316,0
18.512724,0.092,0.35493001,95317,0
26.555664,0.333,0.94999999,95318,0
4.4207172,0.043000001,0.67626297,95319,0
0.79373103,0.186,0.55572701,95320,0
21.587111,0.27700001,0.638385,95321,0
11.922734,0.131,0.52156502,95322,0
15.725891,0.15099999,0.415842,95323,0
4.1256814,0.14399999,0.389209,95324,0
15.825782,0.0,0.050000001,95325,0
7.6791081,0.236,0.59799701,95326,0
14.242821,0.094999999,0.38348901,95327,0
4.9040847,0.071000002,0.53840601,95328,0
28.090082,0.17299999,0.46227601,95329,0
3.6497829,0.186,0.92737401,95330,0
10.716311,0.122,0.56409198,95333,0
11.128119,0.104,0.62168199,95334,0
7.0577865,0.0,0.94999999,95335,0
1.8219664,0.141,0.64874703,95336,0
6.8051901,0.19499999,0.76833302,95337,0
2.4567378,0.257,0.49234501,95338,0
10.781135,0.24600001,0.61200202,95340,0
10.521336,0.079999998,0.458033,95341,0
12.089272,0.229,0.39795899,95345,0
6.606637,0.083999999,0.44865301,95346,0
9.1139288,0.176,0.54181898,95348,0
1.2592325,0.17399999,0.619596,95350,0
2.1016932,0.075000003,0.59667999,95351,0
1.9190806,0.155,0.588256,95354,0
0.97262216,0.228,0.64965898,95355,0
2.3215845,0.264,0.67856699,95356,0
5.1960883,0.169,0.65747797,95357,0
8.0428648,0.117,0.55755198,95358,0
2.1388364,0.116,0.58946401,95360,0
11.926115,0.213,0.52783501,95361,0
14.874204,0.111,0.68929899,95363,0
46.537804,0.0,0.94999999,95364,0
3.1906619,0.052000001,0.59328699,95365,0
2.9240422,0.233,0.59853101,95366,0
1.5594604,0.149,0.61631101,95367,0
2.2356908,0.147,0.65482301,95368,0
20.965954,0.25299999,0.40647101,95369,0
3.9752891,0.227,0.533306,95370,0
6.320457,0.163,0.58862698,95372,0
11.284993,0.059999999,0.41412899,95374,0
25.809237,0.0,0.050000001,95375,0
1.5287383,0.17200001,0.67103499,95376,0
11.257459,0.294,0.8448,95377,0
9.4231129,0.199,0.400105,95379,0
2.3482401,0.147,0.56303298,95380,0
0.98348826,0.32600001,0.61260098,95382,0
1.6972601,0.331,0.71067899,95383,0
15.91863,0.0,0.49210501,95385,0
21.86496,0.089000002,0.48106799,95386,0
8.8665848,0.0,0.93396199,95387,0
6.7030663,0.081,0.49896699,95388,0
40.308876,0.24699999,0.398864,95389,0
8.0555296,0.45500001,0.94999999,95391,0
2.3738117,0.26800001,0.76383001,95401,0
3.3331456,0.25799999,0.78767699,95403,0
5.9052787,0.428,0.76334703,95404,0
1.3817754,0.46200001,0.87713498,95405,0
3.8574092,0.13699999,0.78002,95407,0
3.2662475,0.45300001,0.84350097,95409,0
27.118385,0.5,0.67914999,95410,0
26.547709,0.24600001,0.44303799,95412,0
19.909048,0.16,0.91326898,95415,0
10.005039,0.185,0.238764,95417,0
7.0791745,0.31900001,0.400424,95420,0
20.547966,0.36700001,0.603719,95421,0
1.2674352,0.077,0.49921101,95422,0
15.657561,0.168,0.54154599,95423,0
2.0813208,0.29699999,0.85808998,95425,0
16.749676,0.16599999,0.68740702,95426,0
22.86894,0.090999998,0.94999999,95427,0
32.93343,0.176,0.580176,95428,0
20.084095,0.138,0.050000001,95429,0
8.2666206,0.0,0.94999999,95430,0
9.7464247,0.12,0.186335,95431,0
36.028755,0.36000001,0.447447,95432,0
8.0357418,0.0,0.73244101,95435,0
3.3299906,0.39500001,0.67536098,95436,0
11.436586,0.23999999,0.741602,95437,0
3.6160955,0.27700001,0.83516502,95439,0
12.035733,0.324,0.94999999,95441,0
11.580572,0.55400002,0.73613799,95442,0
12.899981,0.14300001,0.73575097,95443,0
4.7403345,0.30199999,0.94999999,95444,0
42.172752,0.32800001,0.844037,95445,0
2.1452632,0.37,0.76013398,95446,0
9.7416096,0.43399999,0.86531198,95448,0
12.862534,0.227,0.617993,95449,0
17.345926,0.498,0.94999999,95450,0
16.189413,0.17900001,0.61397398,95451,0
10.145883,0.63700002,0.94999999,95452,0
4.1250167,0.228,0.63490999,95453,0
15.907846,0.226,0.83694601,95454,0
17.407974,0.315,0.684982,95456,0
10.668485,0.103,0.59829903,95457,0
11.915517,0.204,0.511603,95458,0
37.526836,0.26800001,0.59625202,95459,0
17.407974,0.491,0.85523701,95460,0
14.723064,0.153,0.62796998,95461,0
4.6180081,0.31,0.81858802,95462,0
25.754078,0.84500003,0.050000001,95463,0
6.4633927,0.104,0.52429199,95464,0
11.351005,0.47,0.67546701,95465,0
25.754078,0.28099999,0.94999999,95466,0
15.740575,0.19,0.585311,95467,0
43.092968,0.155,0.70554602,95468,0
29.193708,0.287,0.51559001,95469,0
10.624701,0.17900001,0.637703,95470,0
2.2722094,0.126,0.53187299,95471,0
6.3825188,0.46799999,0.72749299,95472,0
10.544869,0.391,0.78983998,95476,0
9.3747425,0.227,0.70589399,95482,0
10.725565,0.162,0.54312801,95485,0
4.0287743,0.0,0.050000001,95486,0
18.530399,0.55800003,0.88965499,95488,0
11.592865,0.21799999,0.680255,95490,0
2.6223078,0.317,0.78289998,95492,0
12.573056,0.037,0.050000001,95493,0
26.829918,0.48199999,0.94999999,95494,0
40.026966,0.67699999,0.461676,95497,0
0.61156428,0.27599999,0.70985001,95501,0
9.5798388,0.296,0.66087902,95503,0
57.819096,0.072999999,0.35496199,95511,0
48.949707,0.018999999,0.94999999,95514,0
11.086842,0.35299999,0.66172802,95519,0
3.7698927,0.48199999,0.675363,95521,0
5.8913713,0.50099999,0.91472399,95524,0
26.314125,0.31400001,0.93343103,95525,0
50.361259,0.105,0.94999999,95526,0
40.776958,0.27200001,0.340206,95527,0
22.618567,0.111,0.37313399,95528,0
7.9739599,0.14399999,0.46840301,95531,0
15.743984,0.24600001,0.654028,95536,0
7.0910282,0.227,0.78087598,95537,0
4.2401991,0.208,0.63499999,95540,0
51.432968,0.23999999,0.67382902,95542,0
32.485321,0.104,0.51515198,95543,0
37.067722,0.086000003,0.872881,95545,0
44.680828,0.175,0.43935099,95546,0
6.4662037,0.184,0.72618997,95547,0
29.930342,0.154,0.49539,95548,0
20.785755,0.35600001,0.56521702,95549,0
29.934792,0.085000001,0.050000001,95550,0
10.788684,0.354,0.75150597,95551,0
61.344692,0.117,0.218612,95552,0
47.408882,0.145,0.63064301,95553,0
42.74963,0.0040000002,0.485232,95554,0
43.857918,0.094999999,0.44498801,95555,0
65.371628,0.222,0.55018598,95556,0
31.445654,0.296,0.67245698,95558,0
51.118916,0.42899999,0.94999999,95559,0
55.984383,0.206,0.82334203,95560,0
20.357576,0.101,0.52687103,95562,0
45.887753,0.322,0.442105,95563,0
2.4505727,0.233,0.71204197,95564,0
17.050917,0.11,0.61111099,95565,0
15.607674,0.20200001,0.49451801,95567,0
64.328621,0.208,0.050000001,95568,0
32.425159,0.122,0.26145601,95569,0
30.551765,0.55299997,0.81012702,95570,0
33.260166,0.34099999,0.050000001,95571,0
40.953201,0.259,0.70619899,95573,0
27.390797,0.169,0.57894701,95585,0
43.942028,0.39199999,0.050000001,95587,0
54.794571,0.426,0.72481799,95589,0
46.397465,0.066,0.050000001,95595,0
5.129478,0.153,0.94999999,95601,0
5.1481099,0.345,0.63554603,95602,0
2.2257981,0.32699999,0.602979,95603,0
0.86026567,0.162,0.61782902,95605,0
34.411942,0.207,0.67871499,95606,0
29.637184,0.249,0.43701801,95607,0
0.45334297,0.347,0.69696498,95608,0
1.3604851,0.214,0.57729799,95610,0
11.174022,0.34999999,0.76436299,95612,0
8.3143139,0.37200001,0.54056603,95614,0
14.781248,0.25600001,0.94999999,95615,0
4.6598182,0.74299997,0.70217699,95616,0
5.1027546,0.727,0.84456098,95618,0
2.7919884,0.20999999,0.51243299,95619,0
6.5062475,0.19400001,0.68542701,95620,0
0.25110745,0.19400001,0.61088997,95621,0
9.3621645,0.212,0.680677,95623,0
4.8313904,0.31200001,0.78975099,95624,0
2.7107358,0.0,0.94999999,95625,0
6.2842231,0.167,0.52351499,95626,0
17.801935,0.219,0.68143201,95627,0
1.3499557,0.421,0.74618798,95628,0
16.205853,0.257,0.55425501,95629,0
0.18156753,0.51200002,0.76582402,95630,0
16.709286,0.15800001,0.45189199,95631,0
1.0431771,0.177,0.62794501,95632,0
18.924719,0.20100001,0.40415299,95633,0
18.584452,0.154,0.406185,95634,0
14.223993,0.089000002,0.58920002,95635,0
16.928907,0.25400001,0.335565,95636,0
27.617376,0.219,0.80597001,95637,0
17.388079,0.28999999,0.59352702,95638,0
8.2077103,0.037,0.60298502,95639,0
10.406157,0.126,0.42207399,95640,0
22.446301,0.164,0.89638698,95641,0
5.5196524,0.23100001,0.656896,95642,0
24.424238,0.121,0.55421698,95645,0
28.267559,0.34400001,0.94999999,95646,0
1.4481357,0.32699999,0.72105998,95648,0
2.7099483,0.37900001,0.58091599,95650,0
14.228436,0.45500001,0.86057699,95651,0
1.6549854,0.193,0.48048499,95652,0
15.014856,0.0049999999,0.69879502,95653,0
3.2358134,0.352,0.67944199,95655,0
7.5758252,0.44499999,0.59908301,95658,0
16.589397,0.15800001,0.411697,95659,0
2.1154127,0.107,0.509139,95660,0
0.84553182,0.41600001,0.74792802,95661,0
0.21081837,0.30599999,0.64108098,95662,0
5.6025558,0.39399999,0.71006203,95663,0
11.208793,0.17200001,0.499679,95664,0
10.914746,0.226,0.58989203,95665,0
30.055475,0.189,0.60203898,95666,0
4.5982528,0.28400001,0.60262197,95667,0
13.342451,0.18799999,0.56918198,95668,0
15.908583,0.219,0.73339403,95669,0
1.377941,0.31299999,0.65756798,95670,0
3.6951556,0.29300001,0.54563099,95672,0
1.3331921,0.13600001,0.51012701,95673,0
8.0914679,0.23,0.60911602,95674,0
19.074282,0.0,0.306422,95675,0
1.272099,0.40200001,0.72557801,95677,0
1.2532942,0.354,0.69337302,95678,0
24.894564,0.74400002,0.94999999,95679,0
25.375999,1.0,0.94999999,95680,0
6.6409597,0.255,0.58440399,95681,0
6.7651467,0.31900001,0.63603199,95682,0
13.967865,0.48899999,0.79179001,95683,0
18.104881,0.21799999,0.46262899,95684,0
8.7639885,0.264,0.64841998,95685,0
11.261136,0.039999999,0.51277697,95686,0
6.4290171,0.215,0.588229,95687,0
4.9293694,0.28099999,0.689466,95688,0
29.292683,0.20100001,0.47558799,95689,0
25.375999,0.266,0.75225401,95690,0
4.5916691,0.34200001,0.75316298,95691,0
2.2316477,0.197,0.443654,95692,0
13.108027,0.27200001,0.66731203,95693,0
8.7179232,0.28600001,0.66825598,95694,0
16.337786,0.26499999,0.68084002,95695,0
6.5809116,0.15000001,0.94999999,95697,0
16.827703,0.122,0.94999999,95698,0
8.2491331,1.0,0.94999999,95699,0
19.787228,0.33399999,0.45300099,95701,0
5.9811392,0.26899999,0.94999999,95703,0
8.8127766,0.308,0.469055,95709,0
24.886496,0.264,0.398155,95713,0
17.048281,0.28299999,0.43444201,95714,0
33.441216,0.43700001,0.050000001,95715,0
16.984371,0.15700001,0.050000001,95717,0
21.48156,0.23999999,0.050000001,95720,0
15.994226,0.0,0.050000001,95721,0
6.4140525,0.38100001,0.62543398,95722,0
12.973412,1.0,0.050000001,95724,0
7.8794904,0.30599999,0.55400002,95726,0
15.598067,0.42899999,0.94999999,95728,0
18.164436,0.222,0.050000001,95735,0
9.4039373,0.27700001,0.94999999,95736,0
4.9223714,0.43099999,0.94999999,95742,0
0.62966156,0.56900001,0.71927798,95746,0
3.7641461,0.45100001,0.856444,95747,0
5.8403916,0.417,0.89736903,95757,0
0.86107445,0.366,0.78974199,95758,0
1.7897437,0.55900002,0.861435,95762,0
2.4240673,0.50800002,0.79201901,95765,0
3.6762409,0.29499999,0.93850702,95776,0
0.47715384,0.53899997,0.94999999,95811,0
0.47715384,0.40099999,0.56596297,95814,0
0.22189996,0.145,0.59999198,95815,0
0.42198998,0.63800001,0.88387698,95816,0
0.48705709,0.37599999,0.71992701,95817,0
0.47544754,0.57700002,0.85409701,95818,0
0.47854877,0.64499998,0.77339202,95819,0
0.99325013,0.193,0.68639499,95820,0
1.8336526,0.26499999,0.697981,95821,0
1.7249736,0.244,0.75603098,95822,0
1.1430137,0.13600001,0.71755701,95823,0
0.54663056,0.075000003,0.7277,95824,0
0.68941659,0.33399999,0.61305302,95825,0
2.7221196,0.338,0.676072,95826,0
2.1612432,0.23100001,0.64709598,95827,0
1.4592454,0.156,0.792108,95828,0
1.0792369,0.294,0.92263001,95829,0
6.6337614,0.375,0.792916,95830,0
1.6409491,0.47400001,0.81305498,95831,0
4.4653897,0.111,0.71945298,95832,0
3.012131,0.31200001,0.70302302,95833,0
1.3185532,0.33399999,0.89172697,95834,0
1.4572817,0.47400001,0.79742402,95835,0
6.4252253,0.597,0.63333303,95837,0
1.6305519,0.116,0.64805698,95838,0
2.1968956,0.241,0.55123901,95841,0
1.1550101,0.149,0.54117203,95842,0
0.85718983,0.248,0.588355,95843,0
0.71012658,0.55299997,0.82981098,95864,0
10.046454,0.16,0.54113698,95901,0
13.835109,0.30700001,0.35294101,95903,0
32.552845,0.0,0.050000001,95910,0
22.663052,0.13699999,0.59787399,95912,0
18.130219,0.185,0.50277001,95914,0
30.95381,0.0,0.050000001,95915,0
27.146585,0.098999999,0.25962299,95916,0
6.1053367,0.124,0.41461301,95917,0
22.641558,0.28099999,0.39236,95918,0
22.118647,0.145,0.555098,95919,0
23.029016,0.071999997,0.43478301,95920,0
26.234068,0.214,0.342105,95922,0
35.173119,0.14300001,0.050000001,95923,0
19.092609,0.39500001,0.357692,95925,0
0.71937716,0.38299999,0.64272398,95926,0
2.5238166,0.39300001,0.607575,95928,0
21.558235,0.0,0.94999999,95930,0
10.735303,0.189,0.63179302,95932,0
14.820901,0.226,0.76712298,95934,0
13.212118,0.077,0.94999999,95935,0
28.079489,0.296,0.94999999,95936,0
28.140562,0.19599999,0.69876897,95937,0
13.49358,0.34200001,0.51089501,95938,0
31.908098,0.057999998,0.238754,95939,0
29.589539,0.21600001,0.050000001,95941,0
21.726023,0.264,0.88651001,95942,0
18.839205,0.153,0.48977101,95943,0
33.036335,0.0,0.050000001,95944,0
12.161364,0.30700001,0.61165798,95945,0
12.029632,0.33000001,0.66902101,95946,0
29.439499,0.186,0.41202,95947,0
10.093566,0.15099999,0.58459699,95948,0
6.4973879,0.31299999,0.55385298,95949,0
14.788541,0.097000003,0.94999999,95950,0
10.227248,0.102,0.64422703,95951,0
14.050996,0.132,0.64936399,95953,0
12.033951,0.185,0.34283799,95954,0
18.65049,0.134,0.50077802,95955,0
11.566182,0.206,0.67889899,95956,0
13.458895,0.20299999,0.42668301,95957,0
20.701065,0.44400001,0.659509,95959,0
6.6410642,0.27399999,0.937213,95960,0
4.8885822,0.13500001,0.57704502,95961,0
20.954351,0.55699998,0.683725,95962,0
17.926996,0.15800001,0.57921201,95963,0
11.29279,0.154,0.47006899,95965,0
12.075406,0.132,0.49313599,95966,0
6.8269687,0.071999997,0.69128603,95968,0
9.3455763,0.21699999,0.21224099,95969,0
17.838488,0.148,0.454992,95970,0
6.1322246,0.227,0.58056003,95971,0
15.439104,0.37599999,0.649607,95973,0
15.09849,0.0,0.050000001,95974,0
9.2699642,0.142,0.52038002,95975,0
19.869398,0.2,0.50149298,95977,0
12.033951,0.101,0.050000001,95978,0
34.647472,0.134,0.51767701,95979,0
26.234068,0.435,0.050000001,95981,0
14.05654,0.142,0.467731,95982,0
21.275608,0.19400001,0.59587002,95983,0
14.851074,0.103,0.050000001,95984,0
19.580507,0.28600001,0.050000001,95986,0
28.121456,0.121,0.673518,95987,0
6.9086614,0.138,0.57368398,95988,0
4.8507118,0.155,0.61433899,95991,0
4.9421968,0.229,0.68945801,95993,0
8.8374557,0.278,0.51702797,96001,0
5.3310833,0.21600001,0.49300399,96002,0
4.9352241,0.25400001,0.470456,96003,0
47.591415,0.22499999,0.46133301,96006,0
4.8900151,0.147,0.45770001,96007,0
19.614454,0.292,0.53951901,96008,0
48.128197,0.032000002,0.58471799,96009,0
25.801844,0.0,0.54098397,96010,0
27.309601,0.177,0.406091,96011,0
13.009683,0.14399999,0.41481799,96013,0
32.13382,0.071000002,0.459259,96014,0
40.146591,0.491,0.050000001,96015,0
7.6822519,0.17299999,0.46731201,96016,0
24.632582,0.27900001,0.050000001,96017,0
1.5333167,0.148,0.44891101,96019,0
50.384617,0.189,0.547203,96020,0
9.2326317,0.111,0.471609,96021,0
9.9997015,0.19499999,0.414875,96022,0
38.195381,0.045000002,0.24693701,96023,0
16.176018,0.169,0.49135801,96024,0
12.548499,0.206,0.56801701,96025,0
39.480579,0.266,0.42717999,96027,0
26.814896,0.11,0.56895298,96028,0
34.395432,0.105,0.050000001,96029,0
55.141602,0.235,0.050000001,96031,0
23.926075,0.219,0.38839599,96032,0
24.858393,0.192,0.36000001,96033,0
25.664694,0.18700001,0.371324,96034,0
12.286901,0.126,0.386655,96035,0
27.461863,0.0049999999,0.050000001,96037,0
15.925838,0.249,0.41706201,96038,0
57.331997,0.152,0.495848,96039,0
16.233114,0.18000001,0.050000001,96040,0
32.938789,0.134,0.42243901,96041,0
22.49719,0.138,0.38329801,96044,0
39.949371,0.235,0.050000001,96046,0
26.869793,0.186,0.37828201,96047,0
16.939056,0.244,0.53314102,96048,0
8.8374557,0.052999999,0.94999999,96049,0
35.665428,0.114,0.43617001,96050,0
24.93025,0.103,0.407774,96051,0
13.808546,0.146,0.445106,96052,0
54.636887,0.116,0.050000001,96054,0
36.080761,0.21600001,0.492185,96055,0
48.128197,0.25600001,0.49327701,96056,0
35.792515,0.164,0.55098701,96057,0
45.271614,0.223,0.60370398,96058,0
12.491547,0.255,0.467583,96059,0
32.239002,0.47600001,0.050000001,96061,0
12.620543,0.27000001,0.378537,96062,0
26.960136,0.22400001,0.050000001,96063,0
29.243902,0.185,0.405274,96064,0
31.405819,0.23999999,0.57662302,96065,0
1.7716568,0.37400001,0.63390398,96067,0
46.076958,0.068000004,0.050000001,96068,0
25.145546,0.237,0.45107999,96069,0
34.390438,0.28999999,0.050000001,96071,0
0.78244632,0.34900001,0.584732,96073,0
6.9367204,0.050000001,0.050000001,96074,0
22.517601,0.108,0.050000001,96075,0
45.679771,0.198,0.050000001,96076,0
15.72191,0.156,0.47843701,96080,0
26.411633,0.17299999,0.47244099,96084,0
29.920238,0.37200001,0.050000001,96085,0
42.866776,0.17200001,0.40292999,96086,0
8.0077295,0.215,0.66911799,96087,0
7.2698336,0.16,0.476055,96088,0
12.534446,0.113,0.452586,96090,0
39.890606,0.37099999,0.49016401,96091,0
12.226121,0.44,0.62048203,96092,0
3.2839723,0.211,0.617185,96093,0
12.040728,0.271,0.54331797,96094,0
23.706495,0.192,0.40294099,96096,0
9.6789751,0.19499999,0.50182199,96097,0
18.127243,0.122,0.45958,96101,0
25.235199,0.368,0.73661399,96103,0
38.154205,0.19400001,0.38624999,96104,0
49.657463,0.33700001,0.30107501,96105,0
32.457294,0.29899999,0.94999999,96106,0
64.996552,0.15099999,0.251793,96107,0
40.125259,0.0,0.050000001,96108,0
38.076206,0.113,0.248399,96109,0
38.154205,0.148,0.050000001,96110,0
17.724234,0.25,0.050000001,96111,0
51.116058,0.082000002,0.096842997,96113,0
16.81353,0.249,0.29432899,96114,0
50.559872,0.27700001,0.050000001,96115,0
24.060688,0.0,0.050000001,96116,0
27.94356,0.20100001,0.050000001,96117,0
28.335382,0.141,0.43183199,96118,0
36.691319,0.324,0.506742,96120,0
39.918606,0.102,0.426332,96121,0
48.215614,0.197,0.66590202,96122,0
61.409637,0.0,0.050000001,96123,0
39.478813,0.37799999,0.398664,96124,0
33.175583,0.55599999,0.050000001,96125,0
31.412655,0.48199999,0.94999999,96126,0
21.047674,0.21799999,0.230657,96128,0
45.894417,0.18700001,0.24709301,96129,0
12.732183,0.104,0.29767901,96130,0
32.522182,0.0,0.050000001,96133,0
66.170135,0.118,0.42005101,96134,0
35.592587,0.31099999,0.050000001,96135,0
30.977486,0.0,0.050000001,96136,0
30.934734,0.257,0.40928,96137,0
20.81267,0.56900001,0.94999999,96141,0
19.39509,0.35699999,0.57894701,96142,0
1.1001019,0.32300001,0.63631201,96143,0
9.1706533,0.56199998,0.94999999,96145,0
15.575176,0.46900001,0.92922801,96146,0
18.296026,0.296,0.475041,96150,0
5.1850581,0.0,0.94999999,96155,0
21.153763,0.52600002,0.661704,96161,0
60.145344,0.106,0.050000001,97635,0
